item_type,split,n_steps_run,stopped_reason,elapsed_seconds,test_loss_nll,item_grade_pearson_r,item_grade_spearman_r,ability_recovery_pearson_r
Y/N Vocab,Cold,7,converged,161.5,0.6189014071702788,0.2976350791357667,0.22473296448853977,0.8236904511829364
Y/N Vocab,Jump 20,7,converged,158.9,0.626813234538833,0.4839387315099398,0.3595489517176922,0.8149615317526256
Y/N Vocab,Jump 40,7,converged,142.2,0.6153720003571272,0.48531197678381777,0.3929170690657073,0.8474605425904594
Y/N Vocab,Jump 80,7,converged,177.4,0.627258317156936,0.5864519932178288,0.47357051222945074,0.8269528196563909
Y/N Vocab,Warm 05-08,7,converged,171.7,0.5998379681233991,0.7993586911363919,0.6972600535671483,0.8668242624748098
Y/N Vocab,Warm 05-15,7,converged,180.3,0.6211068964427653,0.7485093346140929,0.6500596473116247,0.8566395780507887
ViC,Cold,7,converged,121.2,0.6680500637810904,0.42705845884907156,0.1912692877979855,0.8411077882814928
ViC,Jump 20,9,converged,163.1,0.6634645779999028,0.7206964837774235,0.415908090104876,0.835847310583905
ViC,Jump 40,7,converged,121.5,0.6683842713712612,0.6656407294386179,0.4469058289179353,0.8447165351137872
ViC,Jump 80,7,converged,118.1,0.6677921309172321,0.7700224963109491,0.5422078851925233,0.7900847350542735
ViC,Warm 05-08,15,converged,265.0,0.5438561535612938,0.8742201161563381,0.7437455681419799,0.9071518787417583
ViC,Warm 05-15,16,converged,329.1,0.5449061853358012,0.8621070664835389,0.6853308339730626,0.9023174344214812
Y/N Vocab,Cold,7,converged,140.5,0.6375060248364037,0.181702183804215,0.19979696731536684,0.7880687681517778
Y/N Vocab,Cold,7,converged,175.0,0.6189014071931228,0.29763507864072686,0.22473296448853977,0.8236904511585886
Y/N Vocab,Jump 20,7,converged,129.3,0.62681323448212,0.48393873406953025,0.3595489517176922,0.8149615319124524
Y/N Vocab,Jump 40,7,converged,124.1,0.6153720003553296,0.48531197660316294,0.3929170690657073,0.8474605426822813
Y/N Vocab,Jump 80,7,converged,142.3,0.6272583171417213,0.5864519939070374,0.47357051222945074,0.8269528196983491
Y/N Vocab,Warm 05-08,7,converged,123.3,0.5998379681360726,0.799358690864378,0.6972600535671483,0.8668242624943925
Y/N Vocab,Warm 05-15,7,converged,125.9,0.621106896412951,0.7485093346443144,0.6500596473116247,0.8566395781292161
ViC,Cold,7,converged,101.9,0.6680500637199669,0.427058458905141,0.1912692877979855,0.8411077883196705
ViC,Jump 20,9,converged,136.7,0.6634645780620808,0.7206964832491208,0.415908090104876,0.8358473103834146
ViC,Jump 40,7,converged,103.4,0.6683842714474028,0.6656407282416911,0.4469058289179353,0.84471653503968
ViC,Jump 80,7,converged,104.7,0.6677921309212018,0.7700224961339582,0.5422078851925233,0.7900847349808542
ViC,Warm 05-08,15,converged,226.8,0.5438561535191748,0.8742201160620117,0.7437455681419799,0.9071518787911614
ViC,Warm 05-15,16,converged,252.0,0.5449061853304058,0.8621070673206812,0.6853308339730626,0.9023174344343999
Y/N Vocab,Cold,7,converged,111.2,0.6375060248330905,0.18170218452344664,0.19979696731536684,0.7880687682512065
Y/N Vocab,Jump 20,7,converged,119.4,0.6291860031202209,0.4486077692419692,0.4102398168187068,0.8126146195522859
Y/N Vocab,Jump 40,14,converged,228.9,0.6180286306910591,0.5202308351959225,0.45709334078183844,0.8193995870959752
Y/N Vocab,Jump 80,13,converged,200.8,0.5995360511154939,0.5350763297424702,0.47301320254385854,0.8501918670461238
Y/N Vocab,Warm 05-08,12,converged,192.8,0.5720956441806303,0.6115078983585145,0.6107550433865688,0.909168704723124
Y/N Vocab,Warm 05-15,12,converged,201.2,0.5746209949744815,0.6790851859445315,0.6263743980849814,0.8924585330515814
ViC,Cold,7,converged,97.2,0.6514960604565786,0.39334814719752703,0.4185654008438819,0.814168297529358
ViC,Jump 20,9,converged,127.6,0.6457951165990797,0.6272999383511602,0.5470006330765211,0.806057637071631
ViC,Jump 40,7,converged,149.8,0.6579292129866412,0.6831143206489846,0.5408676188958433,0.8267928927726153
ViC,Jump 80,7,converged,121.5,0.6753013912133351,0.8024470681325926,0.6897283565754149,0.7802180330152655
ViC,Warm 05-08,7,converged,144.9,0.666195985003103,0.8472113858839504,0.5501728896513983,0.8291781104615654
ViC,Warm 05-15,17,converged,342.6,0.5641906673751323,0.8640158417543797,0.6710505500152731,0.8687585010950293
Y/N Vocab,Cold,9,converged,161.1,0.6302529374972226,0.23004712400648092,0.14423676954376577,0.8419365167842588
Y/N Vocab,Jump 20,10,converged,186.6,0.5966178131236168,0.42884108995547254,0.4386389030831567,0.8657941488417407
Y/N Vocab,Jump 40,7,converged,130.2,0.6138931830118565,0.6999014633598,0.5777968611927146,0.8563451357537746
Y/N Vocab,Jump 80,7,converged,131.4,0.6179383023283921,0.7001756943847364,0.5845777552220971,0.8331810346795943
Y/N Vocab,Warm 05-08,10,converged,194.1,0.5781298020613006,0.6417977529210157,0.5708461932408493,0.9020370267979232
Y/N Vocab,Warm 05-15,12,converged,238.7,0.5871700139233496,0.6992362886239905,0.5648488663665882,0.8855831598715391
ViC,Cold,7,converged,117.8,0.666107798783847,0.4881674645944327,0.27326164038565637,0.8046031465936108
ViC,Jump 20,16,converged,274.7,0.6479096987022475,0.3645670049694247,0.17479107820092055,0.8223260673690838
ViC,Jump 40,8,converged,138.0,0.6709201374037659,0.6178572177096211,0.5857213182229205,0.8020917730703923
ViC,Jump 80,7,converged,122.8,0.6426116819022861,0.7689316625872591,0.6705078026354995,0.8068385467314547
ViC,Warm 05-08,14,converged,247.2,0.5702488134943136,0.8357704443314489,0.67015160661961,0.8935298725562276
ViC,Warm 05-15,7,converged,126.0,0.6392586397710833,0.8382851054161515,0.6315986872948899,0.8623962877076411
Y/N Vocab,Cold,9,converged,163.6,0.6145171558764131,0.4407761419042521,0.3512456164558293,0.8730354963400357
Y/N Vocab,Jump 20,7,converged,129.6,0.6332826614093413,0.45226731722236746,0.4141908130711546,0.851289391018492
Y/N Vocab,Jump 40,7,converged,130.2,0.6173985482532679,0.5722688967580469,0.5070670509527708,0.8608463348835043
Y/N Vocab,Jump 80,13,converged,248.7,0.6084612101195742,0.6924402262882422,0.6250307653000247,0.8538992386113646
Y/N Vocab,Warm 05-08,7,converged,142.6,0.5964003797108692,0.7182266945252012,0.6797322175566262,0.900899966907684
Y/N Vocab,Warm 05-15,14,converged,287.9,0.5655299295976826,0.7428210348356921,0.7298818338261981,0.9170022226997689
ViC,Cold,7,converged,115.7,0.6863470023480048,0.6012274808677661,0.37925416337668655,0.7951629932081592
ViC,Jump 20,7,converged,117.3,0.67624244950568,0.73450417046129,0.5884500922129754,0.7911056298512682
ViC,Jump 40,7,converged,111.1,0.6710941969892764,0.7864988891516449,0.4892557639416323,0.7365226393467933
ViC,Jump 80,7,converged,117.9,0.6721767158011052,0.8152483179365297,0.5789854490659152,0.7862104565116714
ViC,Warm 05-08,7,converged,116.6,0.6408002690245762,0.8493577962339853,0.555233886980085,0.8459790234287312
ViC,Warm 05-15,7,converged,116.6,0.6368400906896549,0.8660546824752493,0.6321835042646153,0.8626674387904696
Y/N Vocab,Cold,7,converged,119.9,0.6303144699951313,0.3220387849959747,0.27845346694133644,0.83044059018929
Y/N Vocab,Jump 20,7,converged,123.9,0.623954471853827,0.4481211382400108,0.3996092808142286,0.8468738715900822
Y/N Vocab,Jump 40,7,converged,126.8,0.6287101024697833,0.3873294267993193,0.4648630020455124,0.7983072820843533
Y/N Vocab,Jump 80,7,converged,126.1,0.6210420209093352,0.4069415156956102,0.5087725048087495,0.8252903887343388
Y/N Vocab,Warm 05-08,7,converged,127.3,0.6090698304694968,0.5943835290675193,0.470435025328634,0.854436994359264
Y/N Vocab,Warm 05-15,7,converged,131.4,0.6206989957019997,0.672131239965786,0.6224605357589161,0.8467291764165121
ViC,Cold,11,converged,174.0,0.6756133620316198,0.5514814971468585,0.446749778586337,0.8090119378017084
ViC,Jump 20,7,converged,111.5,0.6735317721427113,0.5624413177522415,0.45880838413951464,0.8165672817136953
ViC,Jump 40,9,converged,149.1,0.6776329538847341,0.6385332506946232,0.49993712222684344,0.8267800378870718
ViC,Jump 80,7,converged,115.3,0.6511631725836005,0.7635728442264209,0.584425092092275,0.8466116110696479
ViC,Warm 05-08,18,converged,296.4,0.5538115592965166,0.8032384396771894,0.6301366653551592,0.9093539789749587
ViC,Warm 05-15,18,converged,301.6,0.5540008942893625,0.7470308412218343,0.6239876229638978,0.9103210761348456
Y/N Vocab,Cold,7,converged,117.4,0.6384510728679014,0.4182797131489958,0.2994010273357108,0.8122852700878999
Y/N Vocab,Jump 20,7,converged,121.5,0.6470075633233181,0.3950139958381442,0.3856070321499075,0.8075254534536863
Y/N Vocab,Jump 40,7,converged,127.8,0.6351723690104778,0.5304854335707416,0.4143820077362205,0.8205285736743917
Y/N Vocab,Jump 80,7,converged,131.5,0.636003312788599,0.7524820431438579,0.5975932278245822,0.7646029469755566
Y/N Vocab,Warm 05-08,7,converged,133.6,0.6266428263928103,0.671085885597754,0.5402583410615444,0.8688394090273213
Y/N Vocab,Warm 05-15,7,converged,132.7,0.611868588267769,0.5515808756256118,0.4278406004920334,0.8740962747168155
ViC,Cold,7,converged,113.7,0.6987202106755743,0.26697336486947754,0.18235094177227398,0.7501728353161091
ViC,Jump 20,7,converged,111.9,0.6751070894711031,0.7466191528749951,0.47055445192079887,0.8208949563870303
ViC,Jump 40,10,converged,162.2,0.6693504486396769,0.743449298549637,0.4409877807650179,0.8277737887286113
ViC,Jump 80,7,converged,114.6,0.6818074538660326,0.7037688017228805,0.4450083688918081,0.7624543873896286
ViC,Warm 05-08,7,converged,112.0,0.6581581607040408,0.784343188199101,0.4771739003035665,0.8052544538734356
ViC,Warm 05-15,13,converged,214.2,0.5785114567289801,0.8274986348053008,0.673726404877983,0.885999244273642
Y/N Vocab,Cold,7,converged,117.4,0.6211575842594173,0.2742692541922695,0.20586292697115607,0.8431121115528386
Y/N Vocab,Jump 20,7,converged,124.5,0.6440261505246184,0.570092601333587,0.4587476401791992,0.7993960026582294
Y/N Vocab,Jump 40,7,converged,123.2,0.6246555672838064,0.7022436951760246,0.6107370397088245,0.8255865958487609
Y/N Vocab,Jump 80,7,converged,127.1,0.6220826086895997,0.637291323717373,0.5280507774242351,0.832930247462177
Y/N Vocab,Warm 05-08,7,converged,126.9,0.6124539089790209,0.630801569633443,0.5932773363415141,0.866004550038463
Y/N Vocab,Warm 05-15,11,converged,205.2,0.5947499142503603,0.640089158216663,0.49170744728456967,0.8913251907958472
ViC,Cold,7,converged,105.9,0.6759568655493489,0.4112140905596351,0.33339584385604404,0.8200690247130864
ViC,Jump 20,7,converged,107.2,0.6702993508982167,0.6107762107810639,0.4906459584934225,0.7837518565688161
ViC,Jump 40,7,converged,109.3,0.677154750471531,0.68371338565925,0.605791648656123,0.8180339535000358
ViC,Jump 80,7,converged,108.0,0.6730467680405485,0.7981015062717718,0.771376085672413,0.8369078641315821
ViC,Warm 05-08,7,converged,110.8,0.6493778323040442,0.7890818214558939,0.6212413340550539,0.8642642813904627
ViC,Warm 05-15,7,converged,111.1,0.6736010098909543,0.7496138210612772,0.597586633310972,0.8464426009754443
Y/N Vocab,Cold,8,converged,128.9,0.6359324833253683,0.4094977842920938,0.2838513424625002,0.7635345979986133
Y/N Vocab,Jump 20,7,converged,124.3,0.6375837089054388,0.5168604526918068,0.377128501073142,0.7999598687149057
Y/N Vocab,Jump 40,7,converged,127.1,0.6448376119798297,0.5080423254092212,0.3495926692594186,0.7741308402127796
Y/N Vocab,Jump 80,7,converged,119.5,0.6425512763440839,0.5132075363076101,0.3954218235458683,0.7727601392881744
Y/N Vocab,Warm 05-08,7,converged,123.7,0.6192592476722205,0.7056405609996328,0.577727523647967,0.8271546347260543
Y/N Vocab,Warm 05-15,11,converged,203.0,0.5798321541666512,0.5417383948898622,0.5139820044727971,0.9072602269592613
ViC,Cold,7,converged,106.5,0.6918319949014918,0.4884876028731535,0.3885762332478003,0.8488563213175728
ViC,Jump 20,10,converged,156.6,0.6481936597317131,0.3977466961293542,0.411161488794562,0.8419745059171346
ViC,Jump 40,8,converged,133.3,0.6722981116091217,0.5274602342787196,0.5455555215333131,0.842237267018078
ViC,Jump 80,7,converged,125.3,0.6667666519299239,0.5865296665586806,0.5067368785542213,0.8052189464865122
ViC,Warm 05-08,17,converged,320.6,0.57192030019965,0.5963142371351465,0.5150492264416315,0.896801288393537
ViC,Warm 05-15,13,converged,294.5,0.5831498657131277,0.651198373542782,0.5906256594604337,0.8824842698361558
Y/N Vocab,Cold,7,converged,115.2,0.6368263548878088,0.1879968327815239,0.11166067815001789,0.8775992410689675
Y/N Vocab,Jump 20,7,converged,124.3,0.6372146211760501,0.3507837216998634,0.2973065573408521,0.8269698898785769
Y/N Vocab,Jump 40,7,converged,131.0,0.6447018900765804,0.4378934331474354,0.4312878906395653,0.8380213564347123
Y/N Vocab,Jump 80,7,converged,135.5,0.6378226469160215,0.5188430203937144,0.4690393344816072,0.7938728576311413
Y/N Vocab,Warm 05-08,7,converged,142.1,0.6168881505804913,0.5827689220040053,0.4400140095641295,0.863350751270429
Y/N Vocab,Warm 05-15,19,converged,384.4,0.583504626097409,0.698742781127561,0.5967992704403727,0.9136705520785704
ViC,Cold,7,converged,111.0,0.6861658694865526,0.4291994301218906,0.2777784430609939,0.7515181169268579
ViC,Jump 20,7,converged,114.4,0.6777145220834153,0.6345836438531158,0.40457581078604166,0.8054171966134398
ViC,Jump 40,7,converged,117.4,0.6856185167614147,0.7296113181147226,0.5525898524838762,0.8180434333087281
ViC,Jump 80,7,converged,117.1,0.6653246608597739,0.7776950559710374,0.47954015602307476,0.8070311518895328
ViC,Warm 05-08,7,converged,118.1,0.648200008662358,0.7728245776236573,0.5167654279224042,0.8298438099909292
ViC,Warm 05-15,20,hit_max_em_steps,380.2,0.5507622074979905,0.8514210232947268,0.6937218338248156,0.8854292210589014
Y/N Vocab,Cold,7,converged,133.3,0.6418181118995223,0.18976034343261455,0.16583343409264772,0.817043566866102
Y/N Vocab,Jump 20,7,converged,148.5,0.6517700653583336,0.29301453071426115,0.28160521836196506,0.7595478645812137
Y/N Vocab,Jump 40,7,converged,121.3,0.6447204388782742,0.4639064369728547,0.4369626333036573,0.8224172058344872
Y/N Vocab,Jump 80,7,converged,142.4,0.6356298301221872,0.6219648559886,0.4379938856525761,0.8273143493569954
Y/N Vocab,Warm 05-08,7,converged,159.8,0.6355213310090709,0.7718776174739629,0.5796329236349075,0.860596320435317
Y/N Vocab,Warm 05-15,7,converged,138.3,0.6207777284799164,0.7411804939210984,0.5788392919636733,0.8567581843197727
ViC,Cold,17,converged,306.5,0.6562103371256744,0.1363555798003746,0.1444578581657846,0.7971938906811991
ViC,Jump 20,16,converged,246.4,0.6562882293066995,0.6703351980585548,0.544037412324229,0.7720525576811402
ViC,Jump 40,7,converged,95.0,0.6592399335609536,0.745400604107838,0.5113903750786899,0.8069557010676716
ViC,Jump 80,7,converged,98.7,0.6635600275443663,0.8238449204580832,0.6827582596192365,0.8103328341495355
ViC,Warm 05-08,15,converged,216.3,0.5728790172387944,0.8944745027559206,0.7326769807782466,0.8506282838212172
ViC,Warm 05-15,14,converged,209.1,0.570063074432914,0.8921308105078745,0.7620883854349418,0.8588094584239909
Y/N Vocab,Cold,7,converged,400.7,0.640429157401218,0.0985724990704512,0.12363982831130907,0.8146505146596882
Y/N Vocab,Jump 20,7,converged,380.9,0.6488198445711312,0.13627515289297165,0.1584404948759548,0.7621570393334831
Y/N Vocab,Jump 40,7,converged,366.3,0.6524513174435713,0.13816019558608372,0.19416710612003876,0.7391326702084425
Y/N Vocab,Jump 80,7,converged,396.5,0.6498259509171288,0.10354318294505185,0.16916820783618236,0.7030373918587157
Y/N Vocab,Warm 05-08,7,converged,336.0,0.6416859944328891,0.1415174602480067,0.17701093344396754,0.8282288263247446
Y/N Vocab,Warm 05-15,7,converged,362.9,0.6414237199981854,0.1360159055298335,0.15825858232757747,0.8356857164301781
ViC,Cold,7,converged,140.0,0.6805550286485108,0.3076342268054767,0.25779146649790047,0.8012459086642842
ViC,Jump 20,7,converged,147.6,0.6873621942341244,0.33589983350873936,0.3071487920383322,0.7999662583722917
ViC,Jump 40,7,converged,153.2,0.6848717058081579,0.3768890801670133,0.31692773280574704,0.7899081303112858
ViC,Jump 80,7,converged,153.2,0.680749018743746,0.4211446283088333,0.36296545132226093,0.7671545534408951
ViC,Warm 05-08,7,converged,166.5,0.674384727502074,0.4944289167803257,0.41176823900915654,0.783766590422266
ViC,Warm 05-15,7,converged,174.2,0.6666100386035441,0.4819037439728963,0.43815374224879433,0.8350628714785624
Y/N Vocab,Cold,7,converged,305.6,0.6465415017720216,0.12104724240572548,0.15382600640559957,0.7995195622292081
Y/N Vocab,Jump 20,7,converged,369.7,0.646449254744032,0.14279395737269507,0.1853625768811502,0.7790109100185728
Y/N Vocab,Jump 40,7,converged,343.6,0.6480401386503966,0.17317515199660088,0.2109628446859875,0.7352560851697476
Y/N Vocab,Jump 80,7,converged,408.5,0.6491688730299695,0.14219573590355666,0.19607846853341845,0.668728185380987
Y/N Vocab,Warm 05-08,7,converged,329.7,0.6454470231448164,0.18188537612857225,0.2226513936792892,0.8038925722176884
Y/N Vocab,Warm 05-15,7,converged,372.8,0.6424293036183382,0.18029841291656387,0.21711293221205122,0.8310376435509692
ViC,Cold,7,converged,146.1,0.6785430925777217,0.33021073318744265,0.24193903056293586,0.8049941954572855
ViC,Jump 20,7,converged,150.7,0.6750569000180319,0.370075104627933,0.2996047904356305,0.8199368883080006
ViC,Jump 40,7,converged,151.3,0.685271207328562,0.37832862611651225,0.31615329684727567,0.7816422725687442
ViC,Jump 80,7,converged,156.1,0.6817031319010612,0.35778505324805643,0.28504128864108075,0.7781117677710768
ViC,Warm 05-08,7,converged,158.5,0.6846713787807667,0.4284216349995709,0.333935421777277,0.8201945292705699
ViC,Warm 05-15,7,converged,169.6,0.6668619571446276,0.5182168842466053,0.40000067184811144,0.8567244205830221
Y/N Vocab,Cold,7,converged,249.5,0.6490588260803984,0.06859301726087522,0.10640095035929961,0.774275494323751
Y/N Vocab,Jump 20,7,converged,274.3,0.6467111811847677,0.15571641507428896,0.17937870497275085,0.7646363720605438
Y/N Vocab,Jump 40,7,converged,283.2,0.6510558832872174,0.14289580748874953,0.1810455328731771,0.7383510143519978
Y/N Vocab,Jump 80,7,converged,289.9,0.6480925659008506,0.18092971045899137,0.23177822857481778,0.6883565467908134
Y/N Vocab,Warm 05-08,7,converged,316.5,0.6526107657748047,0.13887685433409896,0.2001307843476591,0.8376771859470373
Y/N Vocab,Warm 05-15,7,converged,342.6,0.641163581680423,0.19072326828929867,0.2044500952308933,0.8223816649579786
ViC,Cold,7,converged,154.1,0.6831093238133994,0.31119983623327013,0.22825843173630656,0.8037442577973902
ViC,Jump 20,7,converged,163.0,0.6801008589690513,0.4048953963960483,0.3764183140371529,0.7828984593890738
ViC,Jump 40,7,converged,174.4,0.678343788980938,0.3857641032002632,0.3461110059399062,0.8001205067010131
ViC,Jump 80,7,converged,158.5,0.6756648514663661,0.4312108702220989,0.39009065119409697,0.7660467601855416
ViC,Warm 05-08,7,converged,164.1,0.6738223918085966,0.4316318982733308,0.36141265792948385,0.8314252555814552
ViC,Warm 05-15,7,converged,170.4,0.6782772695699828,0.3876342044080967,0.3750324283120745,0.8394435641038412
Y/N Vocab,Cold,7,converged,107.7,0.6189014071701877,0.297635078946469,0.22473296448853977,0.823690451289659
Y/N Vocab,Jump 20,7,converged,98.9,0.6268132345037727,0.4839387308136296,0.3595489517176922,0.8149615318097334
Y/N Vocab,Jump 40,7,converged,102.2,0.6153720003401744,0.48531197767138406,0.3929170690657073,0.8474605426777699
Y/N Vocab,Jump 80,7,converged,105.6,0.6272583171504998,0.5864519945723924,0.47357051222945074,0.8269528196928513
Y/N Vocab,Warm 05-08,7,converged,109.2,0.5998379681281051,0.7993586912799996,0.6972600535671483,0.8668242624913121
Y/N Vocab,Warm 05-15,7,converged,119.3,0.6211068964208187,0.7485093352104386,0.6500596473116247,0.8566395781658235
ViC,Cold,7,converged,96.7,0.6680500638074692,0.42705845865314584,0.1912692877979855,0.8411077882621147
ViC,Jump 20,9,converged,120.6,0.6634645780413944,0.7206964832436823,0.415908090104876,0.8358473103641857
ViC,Jump 40,7,converged,95.2,0.6683842714710427,0.6656407276559254,0.4469058289179353,0.8447165351996742
ViC,Jump 80,7,converged,96.6,0.6677921309202755,0.7700224961524718,0.5422078851925233,0.7900847350492078
ViC,Warm 05-08,15,converged,212.8,0.5438561536221294,0.87422011564749,0.7437455681419799,0.9071518787605071
ViC,Warm 05-15,16,converged,264.6,0.5449061853002305,0.8621070671638917,0.6853308339730626,0.9023174344363367
Y/N Vocab,Cold,7,converged,106.0,0.6375060248532445,0.1817021805963222,0.19979696731536684,0.7880687680415893
Y/N Vocab,Jump 20,7,converged,106.7,0.6291860031650649,0.44860776887939735,0.4102398168187068,0.8126146194400157
Y/N Vocab,Jump 40,14,converged,217.9,0.6180286306722163,0.5202308341516444,0.45709334078183844,0.8193995869905709
Y/N Vocab,Jump 80,13,converged,204.1,0.5995360511007437,0.535076330493127,0.47301320254385854,0.8501918670994518
Y/N Vocab,Warm 05-08,12,converged,197.2,0.5720956441729754,0.611507898802449,0.6107550433865688,0.9091687047160162
Y/N Vocab,Warm 05-15,12,converged,200.2,0.574620994972782,0.6790851860910805,0.6263743980849814,0.892458533046784
ViC,Cold,7,converged,96.8,0.6514960604827802,0.3933481465992396,0.4185654008438819,0.8141682974038296
ViC,Jump 20,9,converged,126.3,0.6457951166155832,0.6272999378152928,0.5470006330765211,0.8060576371560109
ViC,Jump 40,7,converged,99.4,0.6579292129844492,0.6831143211235207,0.5408676188958433,0.8267928928684605
ViC,Jump 80,7,converged,99.9,0.6753013912023618,0.8024470682897948,0.6897283565754149,0.7802180330529285
ViC,Warm 05-08,7,converged,100.4,0.6661959849885429,0.8472113860977141,0.5501728896513983,0.8291781105200886
ViC,Warm 05-15,17,converged,249.4,0.5641906673969127,0.8640158415615286,0.6710505500152731,0.8687585010564656
Y/N Vocab,Cold,9,converged,135.2,0.6302529374881018,0.23004712401856944,0.14423676954376577,0.8419365168103975
Y/N Vocab,Jump 20,10,converged,152.7,0.5966178131266091,0.42884109109603097,0.4386389030831567,0.8657941488206663
Y/N Vocab,Jump 40,7,converged,109.1,0.613893183014121,0.6999014632143462,0.5777968611927146,0.8563451357829489
Y/N Vocab,Jump 80,7,converged,108.9,0.6179383023499802,0.7001756941623312,0.5845777552220971,0.8331810346301036
Y/N Vocab,Warm 05-08,10,converged,161.5,0.5781298020736886,0.6417977529070673,0.5708461932408493,0.902037026813902
Y/N Vocab,Warm 05-15,12,converged,207.5,0.5871700139434027,0.699236287822642,0.5648488663665882,0.8855831598667708
ViC,Cold,7,converged,112.4,0.6661077987700964,0.48816746437331987,0.27326164038565637,0.804603146578974
ViC,Jump 20,16,converged,254.8,0.6479096987003867,0.3645670046362901,0.17479107820092055,0.8223260673054335
ViC,Jump 40,8,converged,113.2,0.6709201374352146,0.6178572171746598,0.5857213182229205,0.8020917729526902
ViC,Jump 80,7,converged,99.6,0.6426116819211392,0.768931663242345,0.6705078026354995,0.8068385466105299
ViC,Warm 05-08,14,converged,201.9,0.5702488135190406,0.8357704441172465,0.67015160661961,0.8935298725126344
ViC,Warm 05-15,7,converged,101.9,0.6392586397623319,0.8382851057965829,0.6315986872948899,0.8623962876887706
Y/N Vocab,Cold,9,converged,132.7,0.6145171558743161,0.44077614156344724,0.3512456164558293,0.8730354964100904
Y/N Vocab,Jump 20,7,converged,106.3,0.633282661426368,0.45226731812320065,0.4141908130711546,0.8512893910385455
Y/N Vocab,Jump 40,7,converged,105.6,0.6173985482494,0.5722688971879983,0.5070670509527708,0.8608463348106543
Y/N Vocab,Jump 80,13,converged,200.0,0.6084612101190731,0.6924402260837667,0.6250307653000247,0.8538992386027846
Y/N Vocab,Warm 05-08,7,converged,112.2,0.5964003796900096,0.7182266940424596,0.6797322175566262,0.9008999669226714
Y/N Vocab,Warm 05-15,14,converged,232.5,0.5655299296008994,0.7428210351646991,0.7298818338261981,0.9170022226894717
ViC,Cold,7,converged,94.5,0.6863470022917307,0.601227481914284,0.37925416337668655,0.7951629934405293
ViC,Jump 20,7,converged,96.6,0.6762424494153061,0.7345041714570066,0.5884500922129754,0.7911056298499812
ViC,Jump 40,7,converged,97.6,0.6710941970017674,0.7864988892384861,0.4892557639416323,0.7365226393340902
ViC,Jump 80,7,converged,98.8,0.6721767157443879,0.8152483192340665,0.5789854490659152,0.7862104565923402
ViC,Warm 05-08,7,converged,100.2,0.640800269022296,0.8493577961897025,0.555233886980085,0.8459790234185052
ViC,Warm 05-15,7,converged,102.7,0.6368400906737267,0.8660546825579041,0.6321835042646153,0.8626674388150184
Y/N Vocab,Cold,7,converged,105.5,0.6303144699968483,0.3220387836647944,0.27845346694133644,0.8304405902578931
Y/N Vocab,Jump 20,7,converged,127.4,0.6239544718953912,0.4481211377142936,0.3996092808142286,0.8468738715683389
Y/N Vocab,Jump 40,7,converged,171.6,0.6287101024545101,0.387329427651827,0.4648630020455124,0.7983072821720943
Y/N Vocab,Jump 80,7,converged,141.3,0.6210420209105575,0.406941514479751,0.5087725048087495,0.8252903887057804
Y/N Vocab,Warm 05-08,7,converged,126.3,0.6090698304623364,0.5943835290236077,0.470435025328634,0.8544369943911159
Y/N Vocab,Warm 05-15,7,converged,128.9,0.6206989956901819,0.6721312399707549,0.6224605357589161,0.8467291765140363
ViC,Cold,11,converged,166.9,0.6756133620183405,0.5514814972502683,0.446749778586337,0.8090119379005134
ViC,Jump 20,7,converged,109.1,0.6735317720917379,0.5624413185822622,0.45880838413951464,0.8165672817079312
ViC,Jump 40,9,converged,139.6,0.6776329538951839,0.6385332505637815,0.49993712222684344,0.8267800378591541
ViC,Jump 80,7,converged,109.0,0.6511631725746508,0.7635728445885431,0.584425092092275,0.846611611134505
ViC,Warm 05-08,18,converged,278.3,0.5538115593326325,0.8032384398168565,0.6301366653551592,0.9093539789809988
ViC,Warm 05-15,18,converged,466.6,0.5540008942739186,0.7470308414370671,0.6239876229638978,0.9103210761773266
Y/N Vocab,Cold,7,converged,221.3,0.6384510728649074,0.4182797131743893,0.2994010273357108,0.8122852697666967
Y/N Vocab,Jump 20,7,converged,224.5,0.6470075632811403,0.3950139957797942,0.3856070321499075,0.8075254538024066
Y/N Vocab,Jump 40,7,converged,223.0,0.6351723690024836,0.53048543370613,0.4143820077362205,0.820528573656302
Y/N Vocab,Jump 80,7,converged,226.6,0.6360033128257819,0.7524820421003575,0.5975932278245822,0.764602946695979
Y/N Vocab,Warm 05-08,7,converged,229.5,0.626642826442086,0.6710858851945236,0.5402583410615444,0.8688394089055101
Y/N Vocab,Warm 05-15,7,converged,241.5,0.6118685882755088,0.551580874265765,0.4278406004920334,0.8740962747058039
ViC,Cold,7,converged,203.1,0.6987202106679272,0.2669733641645998,0.18235094177227398,0.750172834827791
ViC,Jump 20,7,converged,202.9,0.6751070895128497,0.7466191517847514,0.47055445192079887,0.8208949563655917
ViC,Jump 40,10,converged,277.7,0.6693504486287454,0.7434492988108179,0.4409877807650179,0.8277737887446218
ViC,Jump 80,7,converged,191.1,0.6818074538709166,0.7037688017027115,0.4450083688918081,0.762454387387703
ViC,Warm 05-08,7,converged,197.2,0.658158160704047,0.7843431882106311,0.4771739003035665,0.8052544537804428
ViC,Warm 05-15,13,converged,447.2,0.5785114567163014,0.8274986348726262,0.673726404877983,0.8859992442662911
Y/N Vocab,Cold,7,converged,256.5,0.6211575842645285,0.2742692538086233,0.20586292697115607,0.843112111650709
Y/N Vocab,Jump 20,7,converged,294.8,0.6440261503997186,0.5700926034959981,0.4587476401791992,0.799396002952384
Y/N Vocab,Jump 40,7,converged,251.3,0.6246555672794065,0.7022436959692271,0.6107370397088245,0.8255865958129036
Y/N Vocab,Jump 80,7,converged,241.6,0.6220826086951784,0.637291324095799,0.5280507774242351,0.8329302473934654
Y/N Vocab,Warm 05-08,7,converged,237.6,0.612453908980889,0.6308015699326543,0.5932773363415141,0.8660045500339568
Y/N Vocab,Warm 05-15,11,converged,398.9,0.5947499142767614,0.6400891569351197,0.49170744728456967,0.8913251907919248
ViC,Cold,7,converged,208.3,0.6759568655231334,0.41121409068045955,0.33339584385604404,0.8200690247175548
ViC,Jump 20,7,converged,210.5,0.6702993509130871,0.6107762105725795,0.4906459584934225,0.783751856458997
ViC,Jump 40,7,converged,216.1,0.6771547504811675,0.6837133848225379,0.605791648656123,0.8180339534659503
ViC,Jump 80,7,converged,251.9,0.673046768051368,0.7981015063310515,0.771376085672413,0.8369078640727623
ViC,Warm 05-08,7,converged,187.1,0.6493778322634055,0.7890818228392517,0.6212413340550539,0.8642642813659592
ViC,Warm 05-15,7,converged,166.3,0.6736010099125128,0.7496138204509762,0.597586633310972,0.8464426010328788
Y/N Vocab,Cold,8,converged,201.5,0.6359324833386357,0.4094977848781727,0.2838513424625002,0.7635345975371317
Y/N Vocab,Jump 20,7,converged,293.3,0.6375837089130725,0.51686045299872,0.377128501073142,0.7999598686456654
Y/N Vocab,Jump 40,7,converged,334.0,0.6448376119684256,0.5080423251015005,0.3495926692594186,0.7741308404699856
Y/N Vocab,Jump 80,7,converged,228.7,0.6425512763757584,0.5132075349663742,0.3954218235458683,0.7727601393226408
Y/N Vocab,Warm 05-08,7,converged,256.2,0.6192592477008381,0.7056405610712403,0.577727523647967,0.8271546346909674
Y/N Vocab,Warm 05-15,11,converged,380.0,0.5798321541674565,0.5417383932709354,0.5139820044727971,0.9072602269828418
ViC,Cold,7,converged,194.5,0.6918319949014928,0.4884876028075122,0.3885762332478003,0.8488563213476752
ViC,Jump 20,10,converged,326.4,0.6481936597713003,0.3977466956870688,0.411161488794562,0.8419745059204099
ViC,Jump 40,8,converged,336.6,0.672298111605087,0.5274602345193294,0.5455555215333131,0.8422372671543639
ViC,Jump 80,7,converged,294.1,0.666766651963814,0.5865296657516597,0.5067368785542213,0.8052189465164566
ViC,Warm 05-08,17,converged,583.9,0.5719203002021125,0.596314237596394,0.5150492264416315,0.8968012884124426
ViC,Warm 05-15,13,converged,487.4,0.5831498657619143,0.6511983736261429,0.5906256594604337,0.8824842698281807
Y/N Vocab,Cold,7,converged,252.4,0.6368263548886016,0.1879968314595553,0.11166067815001789,0.8775992410611042
Y/N Vocab,Jump 20,7,converged,369.5,0.6372146212302074,0.350783720640821,0.2973065573408521,0.8269698898634754
Y/N Vocab,Jump 40,7,converged,289.2,0.6447018900797579,0.43789343187350827,0.4312878906395653,0.8380213565219248
Y/N Vocab,Jump 80,7,converged,287.8,0.6378226468947008,0.5188430207987794,0.4690393344816072,0.7938728577650158
Y/N Vocab,Warm 05-08,7,converged,271.9,0.6168881505994407,0.582768920856679,0.4400140095641295,0.8633507513607248
Y/N Vocab,Warm 05-15,19,converged,699.6,0.58350462610463,0.6987427804342308,0.5967992704403727,0.9136705521080306
ViC,Cold,7,converged,188.2,0.6861658693256626,0.4291994318336888,0.2777784430609939,0.7515181167657328
ViC,Jump 20,7,converged,193.5,0.6777145220657207,0.6345836440929874,0.40457581078604166,0.8054171965723184
ViC,Jump 40,7,converged,190.6,0.6856185166531095,0.729611318856755,0.5525898524838762,0.8180434333603501
ViC,Jump 80,7,converged,193.6,0.6653246608635869,0.7776950557190782,0.47954015602307476,0.8070311518846001
ViC,Warm 05-08,7,converged,198.5,0.6482000086797877,0.7728245777388906,0.5167654279224042,0.8298438099671043
ViC,Warm 05-15,20,hit_max_em_steps,605.4,0.550762207515499,0.8514210232196152,0.6937218338248156,0.8854292210386099
Y/N Vocab,Cold,7,converged,211.7,0.6418181118921252,0.1897603402240282,0.16583343409264772,0.8170435670137819
Y/N Vocab,Jump 20,7,converged,223.5,0.6517700653153788,0.29301453027092117,0.28160521836196506,0.7595478647346778
Y/N Vocab,Jump 40,7,converged,213.2,0.6447204388687129,0.4639064371093691,0.4369626333036573,0.8224172057802919
Y/N Vocab,Jump 80,7,converged,219.9,0.6356298301101367,0.6219648557363469,0.4379938856525761,0.8273143493354777
Y/N Vocab,Warm 05-08,7,converged,236.2,0.6355213309749208,0.7718776180337581,0.5796329236349075,0.8605963205470867
Y/N Vocab,Warm 05-15,7,converged,247.1,0.6207777284804186,0.7411804949708668,0.5788392919636733,0.8567581843065069
ViC,Cold,17,converged,462.1,0.6562103372062036,0.13635557971981016,0.1444578581657846,0.7971938905965366
ViC,Jump 20,16,converged,438.1,0.6562882295233122,0.670335196150844,0.544037412324229,0.7720525575604831
ViC,Jump 40,7,converged,189.1,0.6592399335941059,0.7454006030576555,0.5113903750786899,0.8069557008813653
ViC,Jump 80,7,converged,191.5,0.6635600274426982,0.8238449207416619,0.6827582596192365,0.8103328341700091
ViC,Warm 05-08,15,converged,431.8,0.5728790172371204,0.8944745029500195,0.7326769807782466,0.8506282838088375
ViC,Warm 05-15,14,converged,420.1,0.5700630744288135,0.8921308109774669,0.7620883854349418,0.8588094584599543
Y/N Vocab,Cold,7,converged,960.1,0.6404291574006624,0.09857249934472447,0.12363982099057262,0.8146505146485669
Y/N Vocab,Jump 20,7,converged,1062.3,0.6488198445575416,0.13627515381642996,0.1584404948759548,0.7621570394123081
Y/N Vocab,Jump 40,7,converged,918.8,0.6524513174310052,0.13816019715880096,0.19416710612003876,0.7391326702567819
Y/N Vocab,Jump 80,7,converged,907.8,0.6498259509170178,0.10354318301698051,0.16916820783618236,0.7030373919605689
Y/N Vocab,Warm 05-08,7,converged,811.8,0.6416859944267063,0.14151746019445166,0.17701093344396754,0.8282288263632475
Y/N Vocab,Warm 05-15,7,converged,743.5,0.6414237200069133,0.13601590867928665,0.15825858232757747,0.8356857163962805
ViC,Cold,7,converged,338.5,0.6805550286488626,0.30763422705685894,0.25779146649790047,0.801245908551345
ViC,Jump 20,7,converged,316.4,0.6873621942390595,0.3358998331314824,0.3071487920383322,0.7999662583323298
ViC,Jump 40,7,converged,429.2,0.6848717057564228,0.37688908034239765,0.31692773280574704,0.7899081302469593
ViC,Jump 80,7,converged,402.6,0.6807490187456735,0.4211446282697069,0.36296545132226093,0.7671545533689901
ViC,Warm 05-08,7,converged,376.3,0.6743847275054585,0.4944289164716319,0.41176823900915654,0.7837665903480155
ViC,Warm 05-15,7,converged,474.1,0.6666100386058323,0.4819037442727683,0.43815374224879433,0.835062871426294
Y/N Vocab,Cold,7,converged,553.4,0.6465415017653763,0.12104724267109093,0.15382610860244045,0.7995195623686616
Y/N Vocab,Jump 20,7,converged,634.8,0.6464492547566657,0.1427939564847417,0.1853625768811502,0.7790109099796201
Y/N Vocab,Jump 40,7,converged,779.0,0.6480401386708544,0.17317515190360133,0.2109628446859875,0.7352560850627602
Y/N Vocab,Jump 80,7,converged,816.9,0.6491688730239984,0.14219573615355333,0.19607846853341845,0.6687281854676921
Y/N Vocab,Warm 05-08,7,converged,828.2,0.6454470231464919,0.18188537644844127,0.2226513936792892,0.8038925722034749
Y/N Vocab,Warm 05-15,7,converged,891.8,0.6424293036244241,0.180298411843209,0.21711293221205122,0.8310376435625259
ViC,Cold,7,converged,387.2,0.6785430925678904,0.330210733643749,0.24193903056293586,0.804994195388124
ViC,Jump 20,7,converged,400.3,0.675056900019506,0.37007510431467455,0.2996047904356305,0.8199368882977548
ViC,Jump 40,7,converged,404.9,0.6852712073263327,0.3783286267168532,0.31615329684727567,0.7816422726057288
ViC,Jump 80,7,converged,426.0,0.6817031319016585,0.35778505324189613,0.28504128864108075,0.7781117677259461
ViC,Warm 05-08,7,converged,421.9,0.6846713787867368,0.4284216349009635,0.333935421777277,0.8201945291989807
ViC,Warm 05-15,7,converged,460.0,0.666861957148402,0.5182168838935106,0.40000067184811144,0.8567244205812468
Y/N Vocab,Cold,7,converged,806.5,0.6490588260839708,0.06859301705186348,0.10640095035929961,0.774275494332711
Y/N Vocab,Jump 20,7,converged,884.0,0.6467111811802588,0.15571641561020355,0.17937870497275085,0.7646363720755867
Y/N Vocab,Jump 40,7,converged,978.2,0.6510558832843978,0.14289580519811065,0.1810455328731771,0.7383510142538519
Y/N Vocab,Jump 80,7,converged,854.9,0.6480925659105827,0.18092970968115657,0.23177822857481778,0.6883565466950465
Y/N Vocab,Warm 05-08,7,converged,872.8,0.6526107657759032,0.13887685779819922,0.20013016102795034,0.8376771859339216
Y/N Vocab,Warm 05-15,7,converged,876.1,0.6411635816787487,0.1907232687588649,0.2044500952308933,0.8223816649253886
ViC,Cold,7,converged,410.2,0.6831093238131677,0.31119983604371104,0.22825843173630656,0.8037442575479279
ViC,Jump 20,7,converged,393.1,0.6801008589721553,0.4048953964841767,0.3764183140371529,0.7828984593113347
ViC,Jump 40,7,converged,421.3,0.6783437889742023,0.38576410304267705,0.3461110059399062,0.8001205067563358
ViC,Jump 80,7,converged,410.7,0.6756648514712994,0.43121087020965054,0.39009065119409697,0.7660467600781472
ViC,Warm 05-08,7,converged,380.8,0.6738223918168662,0.43163189780378114,0.36141265792948385,0.8314252555909121
ViC,Warm 05-15,7,converged,406.8,0.6782772695889152,0.3876342040716309,0.3750324283120745,0.8394435639706882
